{"id":"b0b7e67e-b1a4-4ddd-bbf5-264bcaf05fe4","revision":0,"last_node_id":26,"last_link_id":29,"nodes":[{"id":18,"type":"For Each Filename [DVB]","pos":[270,590],"size":[230,146],"flags":{},"order":0,"mode":0,"inputs":[{"localized_name":"id","name":"id","type":"COMBO","widget":{"name":"id"},"link":null},{"localized_name":"directory","name":"directory","type":"STRING","widget":{"name":"directory"},"link":null},{"localized_name":"pattern","name":"pattern","type":"STRING","widget":{"name":"pattern"},"link":null}],"outputs":[{"localized_name":"filepath","name":"filepath","type":"STRING","links":[20]},{"localized_name":"name","name":"name","type":"STRING","links":[21]},{"localized_name":"foreach","name":"foreach","type":"FOREACH","links":[19]}],"properties":{"cnr_id":"comfyui-dream-video-batches","ver":"c4e2b4b2e37783ec59588ea92f03fff5d800670e","Node name for S&R":"For Each Filename [DVB]"},"widgets_values":["apple","D:\\video\\1\\1","*.*"],"color":"#322","bgcolor":"#533"},{"id":7,"type":"VHS_VideoCombine","pos":[1050,260],"size":[230,334],"flags":{},"order":9,"mode":0,"inputs":[{"localized_name":"images","name":"images","type":"IMAGE","link":5},{"localized_name":"audio","name":"audio","shape":7,"type":"AUDIO","link":17},{"localized_name":"meta_batch","name":"meta_batch","shape":7,"type":"VHS_BatchManager","link":null},{"localized_name":"vae","name":"vae","shape":7,"type":"VAE","link":null},{"localized_name":"frame_rate","name":"frame_rate","type":"FLOAT","widget":{"name":"frame_rate"},"link":8},{"localized_name":"loop_count","name":"loop_count","type":"INT","widget":{"name":"loop_count"},"link":null},{"localized_name":"filename_prefix","name":"filename_prefix","type":"STRING","widget":{"name":"filename_prefix"},"link":21},{"localized_name":"format","name":"format","type":"COMBO","widget":{"name":"format"},"link":null},{"localized_name":"pingpong","name":"pingpong","type":"BOOLEAN","widget":{"name":"pingpong"},"link":null},{"localized_name":"save_output","name":"save_output","type":"BOOLEAN","widget":{"name":"save_output"},"link":null},{"name":"pix_fmt","type":["yuv420p","p010le"],"widget":{"name":"pix_fmt"},"link":null},{"name":"bitrate","type":"INT","widget":{"name":"bitrate"},"link":null},{"name":"megabit","type":"BOOLEAN","widget":{"name":"megabit"},"link":null},{"name":"save_metadata","type":"BOOLEAN","widget":{"name":"save_metadata"},"link":null}],"outputs":[{"localized_name":"Filenames","name":"Filenames","type":"VHS_FILENAMES","links":null}],"properties":{"cnr_id":"comfyui-videohelpersuite","ver":"1.7.4","Node name for S&R":"VHS_VideoCombine","aux_id":"Kosinkadink/ComfyUI-VideoHelperSuite"},"widgets_values":{"frame_rate":15,"loop_count":0,"filename_prefix":"FlashVSR","format":"video/nvenc_hevc-mp4","pix_fmt":"yuv420p","bitrate":10,"megabit":true,"save_metadata":false,"pingpong":false,"save_output":true,"videopreview":{"hidden":false,"paused":false,"params":{"filename":"6_00003.mp4","subfolder":"","type":"output","format":"video/nvenc_hevc-mp4","frame_rate":24,"workflow":"6_00003.png","fullpath":"D:\\output\\6_00003.mp4"}}}},{"id":8,"type":"VHS_VideoInfoLoaded","pos":[520,740],"size":[241.98333740234375,110],"flags":{"collapsed":true},"order":6,"mode":0,"inputs":[{"localized_name":"video_info","name":"video_info","type":"VHS_VIDEOINFO","link":16}],"outputs":[{"localized_name":"fps🟦","name":"fps🟦","type":"FLOAT","links":[8]},{"localized_name":"frame_count🟦","name":"frame_count🟦","type":"INT","links":null},{"localized_name":"duration🟦","name":"duration🟦","type":"FLOAT","links":null},{"localized_name":"width🟦","name":"width🟦","type":"INT","links":null},{"localized_name":"height🟦","name":"height🟦","type":"INT","links":null}],"properties":{"cnr_id":"comfyui-videohelpersuite","ver":"1.7.4","Node name for S&R":"VHS_VideoInfoLoaded","aux_id":"Kosinkadink/ComfyUI-VideoHelperSuite"},"widgets_values":{}},{"id":19,"type":"For Each Done [DVB]","pos":[1050,640],"size":[151.9166702270508,46],"flags":{"collapsed":true},"order":7,"mode":0,"inputs":[{"localized_name":"image","name":"image","type":"IMAGE","link":22},{"localized_name":"foreach","name":"foreach","type":"FOREACH","link":19}],"outputs":[],"properties":{"cnr_id":"comfyui-dream-video-batches","ver":"c4e2b4b2e37783ec59588ea92f03fff5d800670e","Node name for S&R":"For Each Done [DVB]"},"widgets_values":[]},{"id":21,"type":"Note","pos":[1110,750],"size":[210,34],"flags":{"collapsed":true},"order":1,"mode":0,"inputs":[],"outputs":[],"title":"Workflow by Naxci1","properties":{"widget_ue_connectable":{}},"widgets_values":[""],"color":"#232","bgcolor":"#353"},{"id":25,"type":"easy imageSize","pos":[780,650],"size":[210,108],"flags":{},"order":8,"mode":0,"inputs":[{"localized_name":"image","name":"image","type":"IMAGE","link":27}],"outputs":[{"localized_name":"width_int","name":"width_int","type":"INT","links":null},{"localized_name":"height_int","name":"height_int","type":"INT","links":null}],"title":"Output Video (px)","properties":{"cnr_id":"comfyui-easy-use","ver":"1.3.2","Node name for S&R":"easy imageSize"},"widgets_values":["Width: 1144 , Height: 864"]},{"id":3,"type":"FlashVSRInitPipe","pos":[780,260],"size":[250,202],"flags":{},"order":2,"mode":0,"inputs":[{"localized_name":"model","name":"model","type":"COMBO","widget":{"name":"model"},"link":null},{"localized_name":"mode","name":"mode","type":"COMBO","widget":{"name":"mode"},"link":null},{"localized_name":"vae_model","name":"vae_model","type":"COMBO","widget":{"name":"vae_model"},"link":null},{"localized_name":"force_offload","name":"force_offload","type":"BOOLEAN","widget":{"name":"force_offload"},"link":null},{"localized_name":"precision","name":"precision","type":"COMBO","widget":{"name":"precision"},"link":null},{"localized_name":"device","name":"device","type":"COMBO","widget":{"name":"device"},"link":null},{"localized_name":"attention_mode","name":"attention_mode","type":"COMBO","widget":{"name":"attention_mode"},"link":null}],"outputs":[{"localized_name":"pipe","name":"pipe","type":"PIPE","links":[2]}],"properties":{"aux_id":"lihaoyun6/ComfyUI-FlashVSR_Ultra_Fast","ver":"1b814e139965103b6a0c57c36cdcb8612955a30f","Node name for S&R":"FlashVSRInitPipe"},"widgets_values":["FlashVSR-v1.1","tiny-long","Wan2.2","Wan2.2_VAE.pth","auto","cuda:0","sparse_sage_attention"]},{"id":2,"type":"FlashVSRNodeAdv","pos":[520,260],"size":[243.71666564941407,438],"flags":{},"order":5,"mode":0,"inputs":[{"localized_name":"pipe","name":"pipe","type":"PIPE","link":2},{"localized_name":"frames","name":"frames","type":"IMAGE","link":29},{"localized_name":"scale","name":"scale","type":"INT","widget":{"name":"scale"},"link":null},{"localized_name":"color_fix","name":"color_fix","type":"BOOLEAN","widget":{"name":"color_fix"},"link":null},{"localized_name":"tiled_vae","name":"tiled_vae","type":"BOOLEAN","widget":{"name":"tiled_vae"},"link":null},{"localized_name":"tiled_dit","name":"tiled_dit","type":"BOOLEAN","widget":{"name":"tiled_dit"},"link":null},{"localized_name":"tile_size","name":"tile_size","type":"INT","widget":{"name":"tile_size"},"link":null},{"localized_name":"tile_overlap","name":"tile_overlap","type":"INT","widget":{"name":"tile_overlap"},"link":null},{"localized_name":"unload_dit","name":"unload_dit","type":"BOOLEAN","widget":{"name":"unload_dit"},"link":null},{"localized_name":"sparse_ratio","name":"sparse_ratio","type":"FLOAT","widget":{"name":"sparse_ratio"},"link":null},{"localized_name":"kv_ratio","name":"kv_ratio","type":"FLOAT","widget":{"name":"kv_ratio"},"link":null},{"localized_name":"local_range","name":"local_range","type":"INT","widget":{"name":"local_range"},"link":null},{"localized_name":"seed","name":"seed","type":"INT","widget":{"name":"seed"},"link":null},{"localized_name":"frame_chunk_size","name":"frame_chunk_size","type":"INT","widget":{"name":"frame_chunk_size"},"link":null},{"localized_name":"enable_debug","name":"enable_debug","type":"BOOLEAN","widget":{"name":"enable_debug"},"link":null},{"localized_name":"keep_models_on_cpu","name":"keep_models_on_cpu","type":"BOOLEAN","widget":{"name":"keep_models_on_cpu"},"link":null},{"localized_name":"resize_factor","name":"resize_factor","type":"FLOAT","widget":{"name":"resize_factor"},"link":null}],"outputs":[{"localized_name":"image","name":"image","type":"IMAGE","links":[5,22,27]}],"properties":{"aux_id":"lihaoyun6/ComfyUI-FlashVSR_Ultra_Fast","ver":"1b814e139965103b6a0c57c36cdcb8612955a30f","Node name for S&R":"FlashVSRNodeAdv"},"widgets_values":[4,true,false,false,256,24,true,2,3,11,1333,"fixed",0,true,true,0.3]},{"id":17,"type":"VHS_LoadVideoPath","pos":[270,260],"size":[231.86666870117188,286],"flags":{},"order":3,"mode":0,"inputs":[{"localized_name":"meta_batch","name":"meta_batch","shape":7,"type":"VHS_BatchManager","link":null},{"localized_name":"vae","name":"vae","shape":7,"type":"VAE","link":null},{"localized_name":"video","name":"video","type":"STRING","widget":{"name":"video"},"link":20},{"localized_name":"force_rate","name":"force_rate","type":"FLOAT","widget":{"name":"force_rate"},"link":null},{"localized_name":"custom_width","name":"custom_width","type":"INT","widget":{"name":"custom_width"},"link":null},{"localized_name":"custom_height","name":"custom_height","type":"INT","widget":{"name":"custom_height"},"link":null},{"localized_name":"frame_load_cap","name":"frame_load_cap","type":"INT","widget":{"name":"frame_load_cap"},"link":null},{"localized_name":"skip_first_frames","name":"skip_first_frames","type":"INT","widget":{"name":"skip_first_frames"},"link":null},{"localized_name":"select_every_nth","name":"select_every_nth","type":"INT","widget":{"name":"select_every_nth"},"link":null},{"localized_name":"format","name":"format","shape":7,"type":"COMBO","widget":{"name":"format"},"link":null}],"outputs":[{"localized_name":"GÖRÜNTÜ","name":"IMAGE","type":"IMAGE","links":[28,29]},{"localized_name":"frame_count","name":"frame_count","type":"INT","links":null},{"localized_name":"audio","name":"audio","type":"AUDIO","links":[17]},{"localized_name":"video_info","name":"video_info","type":"VHS_VIDEOINFO","links":[16]}],"properties":{"cnr_id":"comfyui-videohelpersuite","ver":"8923bd836bdab8b7bbdf4ed104b7d045e70c66e2","Node name for S&R":"VHS_LoadVideoPath"},"widgets_values":{"video":"","force_rate":0,"custom_width":0,"custom_height":0,"frame_load_cap":0,"skip_first_frames":0,"select_every_nth":1,"format":"None","videopreview":{"hidden":false,"paused":false,"params":{"filename":"","type":"path","format":"video/","force_rate":0,"custom_width":0,"custom_height":0,"frame_load_cap":0,"skip_first_frames":0,"select_every_nth":1}}}},{"id":22,"type":"easy imageSize","pos":[780,500],"size":[210,108],"flags":{},"order":4,"mode":0,"inputs":[{"localized_name":"image","name":"image","type":"IMAGE","link":28}],"outputs":[{"localized_name":"width_int","name":"width_int","type":"INT","links":null},{"localized_name":"height_int","name":"height_int","type":"INT","links":null}],"title":"Input Video (px)","properties":{"cnr_id":"comfyui-easy-use","ver":"1.3.2","Node name for S&R":"easy imageSize"},"widgets_values":["Width: 956 , Height: 720"]}],"links":[[2,3,0,2,0,"PIPE"],[5,2,0,7,0,"IMAGE"],[8,8,0,7,4,"FLOAT"],[16,17,3,8,0,"VHS_VIDEOINFO"],[17,17,2,7,1,"AUDIO"],[19,18,2,19,1,"FOREACH"],[20,18,0,17,2,"STRING"],[21,18,1,7,6,"STRING"],[22,2,0,19,0,"IMAGE"],[27,2,0,25,0,"IMAGE"],[28,17,0,22,0,"IMAGE"],[29,17,0,2,1,"IMAGE"]],"groups":[{"id":1,"title":"FlashVSR Stable v.1.3","bounding":[250,180,1040,590],"color":"#3f789e","font_size":24,"flags":{}}],"config":{},"extra":{"ds":{"scale":1.1167815779424775,"offset":[-11.685831335844615,-60.95765357212511]},"reroutes":[{"id":2,"pos":[830,590],"linkIds":[28,29]}],"linkExtensions":[{"id":28,"parentId":2},{"id":29,"parentId":2}]},"version":0.4}